[
    {
        "card_title": "general",
        "content_type": "COMPLEX",
        "content": [
            {
                "inner_title": "branch",
                "content_type": "FLAG",
                "content": "certora",
                "doc_link": "",
                "tooltip": "",
                "unsound": false
            },
            {
                "inner_title": "dirty",
                "content_type": "FLAG",
                "content": "true",
                "doc_link": "",
                "tooltip": "",
                "unsound": false
            },
            {
                "inner_title": "origin",
                "content_type": "FLAG",
                "content": "git@github.com:Certora/stellar-contracts.git",
                "doc_link": "",
                "tooltip": "",
                "unsound": false
            },
            {
                "inner_title": "revision",
                "content_type": "FLAG",
                "content": "124b0b430e2f6aa86be712e01474a01026623b47",
                "doc_link": "",
                "tooltip": "",
                "unsound": false
            }
        ]
    },
    {
        "card_title": "options",
        "content_type": "COMPLEX",
        "content": [
            {
                "inner_title": "build_script",
                "content_type": "FLAG",
                "content": "../certora_build.py",
                "doc_link": "https://docs.certora.com/en/latest/docs/solana/options.html#build-script",
                "tooltip": "",
                "unsound": false
            },
            {
                "inner_title": "msg",
                "content_type": "FLAG",
                "content": "Sanity Rules for OZ contract_utils crate, pausable",
                "doc_link": "https://docs.certora.com/en/latest/docs/prover/cli/options.html#msg",
                "tooltip": "",
                "unsound": false
            },
            {
                "inner_title": "optimistic_loop",
                "content_type": "FLAG",
                "content": "true",
                "doc_link": "https://docs.certora.com/en/latest/docs/prover/cli/options.html#optimistic-loop",
                "tooltip": "",
                "unsound": true
            },
            {
                "inner_title": "prover_version",
                "content_type": "FLAG",
                "content": "master",
                "doc_link": "https://docs.certora.com/en/latest/docs/prover/cli/options.html#prover-version",
                "tooltip": "",
                "unsound": false
            },
            {
                "inner_title": "rule",
                "content_type": "SIMPLE",
                "content": [
                    "pause_sanity",
                    "paused_sanity",
                    "unpause_sanity",
                    "when_not_paused_sanity",
                    "when_paused_sanity"
                ],
                "doc_link": "https://docs.certora.com/en/latest/docs/prover/cli/options.html#rule",
                "tooltip": "",
                "unsound": false
            },
            {
                "inner_title": "server",
                "content_type": "FLAG",
                "content": "prover",
                "doc_link": "https://docs.certora.com/en/latest/docs/prover/cli/options.html#server",
                "tooltip": "",
                "unsound": false
            }
        ]
    }
]